{
    "10": {
        "mean_overlap": 0.9952700000000001,
        "std_overlap": 0.03702198130840649,
        "similarity_k_exact": 81.7294692993164,
        "similarity_k_ann": 81.78453826904297,
        "lid_exact_mean": 0.394208163022995,
        "lid_ann_mean": 0.4053487479686737,
        "lid_diff_mean": 0.011140584945678711,
        "barycenter_shift_mean": 0.045684944838285446
    },
    "20": {
        "mean_overlap": 0.9933699999999999,
        "std_overlap": 0.03414005125948114,
        "similarity_k_exact": 91.42002868652344,
        "similarity_k_ann": 91.48384094238281,
        "lid_exact_mean": 0.7699994444847107,
        "lid_ann_mean": 0.7120145559310913,
        "lid_diff_mean": -0.057984888553619385,
        "barycenter_shift_mean": 0.05599285289645195
    },
    "30": {
        "mean_overlap": 0.99118,
        "std_overlap": 0.03442200265334175,
        "similarity_k_exact": 97.31546020507812,
        "similarity_k_ann": 97.40436553955078,
        "lid_exact_mean": 1.0977637767791748,
        "lid_ann_mean": 0.9892719984054565,
        "lid_diff_mean": -0.10849177837371826,
        "barycenter_shift_mean": 0.06764582544565201
    },
    "40": {
        "mean_overlap": 0.9880499999999999,
        "std_overlap": 0.03681640259449584,
        "similarity_k_exact": 101.55325317382812,
        "similarity_k_ann": 101.68016815185547,
        "lid_exact_mean": 1.3892772197723389,
        "lid_ann_mean": 1.2404934167861938,
        "lid_diff_mean": -0.14878380298614502,
        "barycenter_shift_mean": 0.08393537253141403
    },
    "50": {
        "mean_overlap": 0.983876,
        "std_overlap": 0.04012800299043051,
        "similarity_k_exact": 104.90977478027344,
        "similarity_k_ann": 105.08672332763672,
        "lid_exact_mean": 1.6531544923782349,
        "lid_ann_mean": 1.4746124744415283,
        "lid_diff_mean": -0.17854201793670654,
        "barycenter_shift_mean": 0.10450369864702225
    },
    "60": {
        "mean_overlap": 0.9784933333333332,
        "std_overlap": 0.043535642613584766,
        "similarity_k_exact": 107.71207427978516,
        "similarity_k_ann": 107.96082305908203,
        "lid_exact_mean": 1.8939722776412964,
        "lid_ann_mean": 1.689367413520813,
        "lid_diff_mean": -0.2046048641204834,
        "barycenter_shift_mean": 0.12576298415660858
    },
    "70": {
        "mean_overlap": 0.9713457142857144,
        "std_overlap": 0.04702401982834227,
        "similarity_k_exact": 110.0489730834961,
        "similarity_k_ann": 110.41172790527344,
        "lid_exact_mean": 2.1161255836486816,
        "lid_ann_mean": 1.8878997564315796,
        "lid_diff_mean": -0.22822582721710205,
        "barycenter_shift_mean": 0.15503332018852234
    },
    "80": {
        "mean_overlap": 0.9620637500000001,
        "std_overlap": 0.05118422912321236,
        "similarity_k_exact": 112.05278778076172,
        "similarity_k_ann": 112.575927734375,
        "lid_exact_mean": 2.3233425617218018,
        "lid_ann_mean": 2.072558641433716,
        "lid_diff_mean": -0.25078392028808594,
        "barycenter_shift_mean": 0.18873068690299988
    },
    "90": {
        "mean_overlap": 0.9514744444444444,
        "std_overlap": 0.0554583490803328,
        "similarity_k_exact": 113.80985260009766,
        "similarity_k_ann": 114.52796173095703,
        "lid_exact_mean": 2.517338991165161,
        "lid_ann_mean": 2.2445242404937744,
        "lid_diff_mean": -0.2728147506713867,
        "barycenter_shift_mean": 0.22039887309074402
    },
    "100": {
        "mean_overlap": 0.9398199999999999,
        "std_overlap": 0.06004371407566323,
        "similarity_k_exact": 115.37242126464844,
        "similarity_k_ann": 116.32160186767578,
        "lid_exact_mean": 2.6992413997650146,
        "lid_ann_mean": 2.403869152069092,
        "lid_diff_mean": -0.29537224769592285,
        "barycenter_shift_mean": 0.2507264018058777
    },
    "110": {
        "mean_overlap": 0.9274027272727271,
        "std_overlap": 0.06448453944375139,
        "similarity_k_exact": 116.78317260742188,
        "similarity_k_ann": 118.00562286376953,
        "lid_exact_mean": 2.87074613571167,
        "lid_ann_mean": 2.5513176918029785,
        "lid_diff_mean": -0.3194284439086914,
        "barycenter_shift_mean": 0.27785977721214294
    },
    "120": {
        "mean_overlap": 0.9144591666666667,
        "std_overlap": 0.06861078227035455,
        "similarity_k_exact": 118.06987762451172,
        "similarity_k_ann": 119.60047149658203,
        "lid_exact_mean": 3.0331320762634277,
        "lid_ann_mean": 2.689039468765259,
        "lid_diff_mean": -0.34409260749816895,
        "barycenter_shift_mean": 0.3033646047115326
    },
    "130": {
        "mean_overlap": 0.9011015384615386,
        "std_overlap": 0.07256137730861424,
        "similarity_k_exact": 119.26744842529297,
        "similarity_k_ann": 121.14472198486328,
        "lid_exact_mean": 3.1864774227142334,
        "lid_ann_mean": 2.815131187438965,
        "lid_diff_mean": -0.37134623527526855,
        "barycenter_shift_mean": 0.3273424208164215
    },
    "140": {
        "mean_overlap": 0.8875292857142857,
        "std_overlap": 0.0760702324486781,
        "similarity_k_exact": 120.37882232666016,
        "similarity_k_ann": 122.63307189941406,
        "lid_exact_mean": 3.3319945335388184,
        "lid_ann_mean": 2.9318363666534424,
        "lid_diff_mean": -0.400158166885376,
        "barycenter_shift_mean": 0.3514070212841034
    },
    "150": {
        "mean_overlap": 0.8739693333333333,
        "std_overlap": 0.07913181656507633,
        "similarity_k_exact": 121.40787506103516,
        "similarity_k_ann": 124.08679962158203,
        "lid_exact_mean": 3.4716851711273193,
        "lid_ann_mean": 3.039876937866211,
        "lid_diff_mean": -0.4318082332611084,
        "barycenter_shift_mean": 0.37521713972091675
    },
    "160": {
        "mean_overlap": 0.8603875,
        "std_overlap": 0.08212213560453722,
        "similarity_k_exact": 122.36871337890625,
        "similarity_k_ann": 125.580078125,
        "lid_exact_mean": 3.605694532394409,
        "lid_ann_mean": 3.1379053592681885,
        "lid_diff_mean": -0.4677891731262207,
        "barycenter_shift_mean": 0.39802086353302
    },
    "170": {
        "mean_overlap": 0.8470347058823531,
        "std_overlap": 0.0846478320673508,
        "similarity_k_exact": 123.28032684326172,
        "similarity_k_ann": Infinity,
        "lid_exact_mean": 3.7333805561065674,
        "lid_ann_mean": 3.2268545627593994,
        "lid_diff_mean": -0.506525993347168,
        "barycenter_shift_mean": 0.42103520035743713
    },
    "180": {
        "mean_overlap": 0.8336094444444445,
        "std_overlap": 0.08685301012395939,
        "similarity_k_exact": 124.14372253417969,
        "similarity_k_ann": Infinity,
        "lid_exact_mean": 3.8558332920074463,
        "lid_ann_mean": 3.306262493133545,
        "lid_diff_mean": -0.5495707988739014,
        "barycenter_shift_mean": 0.4441095292568207
    },
    "190": {
        "mean_overlap": 0.8206736842105263,
        "std_overlap": 0.08879052131787649,
        "similarity_k_exact": 124.96810150146484,
        "similarity_k_ann": Infinity,
        "lid_exact_mean": 3.973125696182251,
        "lid_ann_mean": 3.3792812824249268,
        "lid_diff_mean": -0.5938444137573242,
        "barycenter_shift_mean": 0.46709156036376953
    },
    "200": {
        "mean_overlap": 0.8077694999999999,
        "std_overlap": 0.09044695887507773,
        "similarity_k_exact": 125.75242614746094,
        "similarity_k_ann": Infinity,
        "lid_exact_mean": 4.086193561553955,
        "lid_ann_mean": 3.443514347076416,
        "lid_diff_mean": -0.6426792144775391,
        "barycenter_shift_mean": 0.4915505349636078
    },
    "210": {
        "mean_overlap": 0.7952147619047619,
        "std_overlap": 0.0918329445514444,
        "similarity_k_exact": 126.50367736816406,
        "similarity_k_ann": Infinity,